experiment,point_index,amplitude_energy_GeV,amplitude_energy_TeV,dipole_amplitude,amplitude_err_minus,amplitude_err_plus,amplitude_lower,amplitude_upper,phase_energy_GeV,phase_energy_TeV,phase_hour,phase_err_minus_hour,phase_err_plus_hour,phase_lower_hour,phase_upper_hour,amplitude_lower_clipped,amplitude_upper_clipped,phase_missing,marker_shape,rgb,vector_x_amplitude_pt,vector_y_amplitude_pt,vector_x_phase_pt,vector_y_phase_pt,extraction_method,source_pdf_page
MACRO,1,29980.060674213553,29.980060674213554,0.0008197487122584981,0.0002695816832457616,0.0002704272518807162,0.0005501670290127365,0.0010901759641392143,29980.839167953214,29.980839167953214,-0.8005088533761935,1.298523435895035,1.2983398355789078,-2.0990322892712285,0.49783098220271427,false,false,false,circle,"0,1,1",168.725,134.09400000000005,409.01750000000004,158.72900000000004,PDF vector paths only,5
Super-Kamiokande,1,12005.13093073178,12.00513093073178,0.0005699160352007597,0.00010008113908284888,0.00009976438493402738,0.0004698348961179108,0.0006696804201347871,12004.303918993464,12.004303918993465,2.3404590549779236,0.6712491308070909,0.6711662556644029,1.6692099241708327,3.0116253106423265,false,false,false,circle,"0.78039,0.78039,0",148.048,145.10400000000004,388.33849999999995,134.09400000000005,PDF vector paths only,5
Milagro,1,6003.9514104090695,6.003951410409069,0.0019995960268770056,0.0009995914045927336,0.0010001057256510265,0.001000004622284272,0.002999701752528032,6003.774754531909,6.003774754531909,0.6645961693515154,0.3333040614079241,0.33354567432396465,0.3312921079435913,0.9981418436754801,false,false,false,circle,"0,0,0.55294",132.393,107.08600000000001,372.68449999999996,147.23800000000006,PDF vector paths only,5
Tibet ASgamma,1,3998.1437695485574,3.9981437695485575,0.0008338336270129293,0.00005228090528099376,0.00005175281190141401,0.0007815527217319355,0.0008855864389143433,3997.926402992388,3.997926402992388,0.9016815525829198,0.2019138101703426,0.19731678975484712,0.6997677424125772,1.098998342337767,false,false,false,triangle_up,"0.50196,0.078431,0.078431",123.207,133.57800999999992,363.49800000000005,145.37850999999998,PDF vector paths only,5
Tibet ASgamma,2,6199.055064607475,6.199055064607475,0.0008765879046145601,0.00006151280359962164,0.00006285222954209222,0.0008150751010149385,0.0009394401341566523,6198.736854294636,6.198736854294636,1.599107753463663,0.298272738588377,0.3026007335406309,1.300835014875286,1.901708487004294,false,false,false,triangle_up,"0.50196,0.078431,0.078431",133.1155,132.06350999999992,373.4065,139.90850999999995,PDF vector paths only,5
Tibet ASgamma,3,12005.13093073178,12.00513093073178,0.0011254485089088797,0.0000670122886591018,0.00006708522260508664,0.0010584362202497779,0.0011925337315139663,12004.303918993464,12.004303918993465,1.599107753463663,0.19742006493267894,0.2017480598849346,1.4016876885309841,1.8008558133485977,false,false,false,triangle_up,"0.50196,0.078431,0.078431",148.048,124.49450999999996,388.33849999999995,139.90850999999995,PDF vector paths only,5
Tibet ASgamma,4,14993.823239028563,14.993823239028563,0.0008500812105102729,0.00002003507421663431,0.00001951780392659829,0.0008300461362936386,0.0008695990144368712,14993.80885658465,14.99380885658465,1.45873001175074,0.10524123121225415,0.10972796393783035,1.3534887805384859,1.5684579756885704,false,false,false,triangle_up,"0.50196,0.078431,0.078431",153.07049999999998,132.99350999999987,393.3625,141.00950999999995,PDF vector paths only,5
Tibet ASgamma,5,50010.93033722956,50.01093033722956,0.0005299610222763913,0.00003995971937196499,0.00003993290398387084,0.0004900013029044263,0.0005698939262602621,50012.406073186205,50.012406073186206,1.3885411408942847,0.31590474394849366,0.31133449857907536,1.072636396945791,1.69987563947336,false,false,false,triangle_up,"0.50196,0.078431,0.078431",180.286,147.30550999999988,420.57849999999996,141.5600099999999,PDF vector paths only,5
Tibet ASgamma,6,52990.55610904497,52.99055610904497,0.0005439747327483768,0.00015797698103858494,0.00015762397625663225,0.0003859977517097918,0.000701598709005009,52989.795506641494,52.98979550664149,-1.3005659894120587,1.1010938084459116,1.1010938084458903,-2.4016597978579703,-0.19947218096616837,false,false,false,triangle_up,"0.50196,0.078431,0.078431",181.5935,146.51500999999993,421.885,162.6510099999999,PDF vector paths only,5
Tibet ASgamma,7,99998.77174642887,99.99877174642887,0.00027893653004091613,0.00005994681820445144,0.00006017934114820229,0.0002189897118364647,0.0003391158711891184,99997.77586083824,99.99777586083825,-2.2130213105460754,0.7983445371495019,0.7983445371494984,-3.0113658476955774,-1.414676773396577,false,false,false,triangle_up,"0.50196,0.078431,0.078431",195.941,166.74500999999995,436.23249999999996,169.80751,PDF vector paths only,5
Tibet ASgamma,8,299805.76537191763,299.80576537191763,0.0005998108530898443,0.00014002409645013205,0.00014026216981711853,0.00045978675663971226,0.0007400730229069628,299805.0575830679,299.80505758306793,-6.191793161493855,0.8993208860181525,0.8991972108051947,-7.091114047512008,-5.292595950688661,false,false,false,triangle_up,"0.50196,0.078431,0.078431",220.7475,143.55550999999988,461.039,201.01350999999997,PDF vector paths only,5
Tibet ASgamma,9,999982.7934270208,999.9827934270207,0.0013001063790024088,0.0003001017567181368,0.00030034541832410413,0.001000004622284272,0.0016004517973265129,999966.6380980853,999.9666380980854,-4.8932671755944135,0.8378670552023486,0.8422683627808283,-5.731134230796762,-4.050998812813585,false,false,false,triangle_up,"0.50196,0.078431,0.078431",247.963,120.12500999999995,488.254,190.8290099999999,PDF vector paths only,5
HAWC,1,2086.5993758119757,2.086599375811976,0.0008234555028818825,8.844746665991445e-7,9.420382541973143e-7,0.0008225710282152833,0.0008243975411360798,2080.164646793395,2.080164646793395,2.866760836203806,0,6.375010990211649e-7,2.866760836203806,2.866761473704905,false,false,false,square,"0.74902,0.50196,1",108.51495,133.95735000000002,348.73749999999995,129.96615000000003,PDF vector paths only,5
HAWC,2,3062.6884474418584,3.0626884474418583,0.0008977039870468642,9.960519970623246e-7,0.0000010572456664213964,0.0008967079350498019,0.0008987612327132856,3147.7020412963047,3.147702041296305,3.542269749345712,0,0.000011475019766393757,3.542269749345712,3.542281224365478,false,false,false,square,"0.74902,0.50196,1",117.18515,131.34255000000002,358.096,124.66805000000005,PDF vector paths only,5
HAWC,3,4495.5507712584185,4.495550771258419,0.0008234555028818825,8.844746665991445e-7,9.420382541973143e-7,0.0008225710282152833,0.0008243975411360798,4606.2502226418355,4.606250222641836,3.050979528405371,0,0.00007777513391715729,3.050979528405371,3.051057303539288,false,false,false,square,"0.74902,0.50196,1",125.8562,133.95735000000002,366.698,128.5213,PDF vector paths only,5
HAWC,4,6812.810813750321,6.812810813750321,0.0010218227053832606,0.0000023107118839156907,0.0000011796108636136227,0.001019511993499345,0.0010230023162468742,7196.35583221862,7.19635583221862,2.7308519771857487,0.00009817516905208379,0,2.7307538020166966,2.7308519771857487,false,false,false,square,"0.74902,0.50196,1",135.24845,127.42014999999998,376.778,131.03209999999996,PDF vector paths only,5
HAWC,5,11364.317985650709,11.36431798565071,0.0012130230340147332,0.0000027614661512699243,0.00000416989165537957,0.0012102615678634633,0.0012171929256701128,11243.6305459384,11.2436305459384,2.7394964920705185,0,0.00013961274039608895,2.7394964920705185,2.7396361048109146,false,false,false,square,"0.74902,0.50196,1",146.80865,122.22490000000005,386.8595,130.96429999999998,PDF vector paths only,5
HAWC,6,18957.52206908765,18.95752206908765,0.001380754479743298,0,5.56176519613677e-8,0.001380754479743298,0.0013808100973952593,19306.45707951132,19.306457079511322,3.086073963833597,0,0.00005418759331021761,3.086073963833597,3.086128151426907,false,false,false,square,"0.74902,0.50196,1",158.36995000000002,118.30215000000004,399.07399999999996,128.24605000000003,PDF vector paths only,5
HAWC,7,31621.766226249165,31.621766226249164,0.0014416437427525494,0.00006247388005383662,0.00006361787608062013,0.0013791698626987128,0.0015052616188331695,31143.378199432613,31.14337819943261,2.4324122133097834,0.5000724360622346,0.5001744362378471,1.9323397772475488,2.9325866495476305,false,false,false,square,"0.74902,0.50196,1",169.92950000000002,116.99510000000004,409.877,133.37279999999993,PDF vector paths only,5
HAWC,8,74987.71625464626,74.98771625464626,0.0006643307504707532,0.00005074828299994182,0.00005014820910687794,0.0006135824674708114,0.0007144789595776312,75903.46049628346,75.90346049628346,2.2877249641764212,0.9738849269081147,0.9738122517829648,1.3138400372683066,3.261537215959386,false,false,false,square,"0.74902,0.50196,1",189.438,140.46110000000004,430.004,134.50759999999997,PDF vector paths only,5
HAWC-IceCube,1,10000.014938322014,10.000014938322014,0.0012130230340147332,9.812077895413746e-9,0,0.0012130132219368378,0.0012130230340147332,10215.068957087662,10.215068957087663,2.4061790431395327,0,0.00008287514270222118,2.4061790431395327,2.406261918282235,false,false,false,square,"1,0,0",143.9192,122.22490000000005,384.692,133.57855,PDF vector paths only,5
EAS-TOP,1,110067.63662875061,110.0676366287506,0.0002599557517882344,0.00008003867181791542,0.00007993321022757604,0.00017991707997031897,0.00033988896201581043,110066.61354103808,110.06661354103808,0.4014229662001565,1.2019311820752474,1.197596174610922,-0.8005082158750909,1.5990191408110785,false,false,false,square,"1,0.74902,0.12941",198.1085,168.87950000000006,438.4,149.30210000000005,PDF vector paths only,5
EAS-TOP,2,369912.70874357887,369.9127087435789,0.0006399135725338304,0.00024994521989555826,0.0002496948420096317,0.0003899683526382722,0.0008896084145434621,369919.74129919364,369.9197412991936,-10.398916630634584,1.5002306957097247,1.5003594709314676,-11.899147326344309,-8.898557159703117,false,false,false,square,"1,0.74902,0.12941",225.495,141.59530000000007,465.78695000000005,234.01050000000004,PDF vector paths only,5
IceTop,1,500106.84078519983,500.10684078519984,0.0005501807660469943,0.00009039400940728207,0.00008972013008837242,0.00045978675663971226,0.0006399008961353668,500107.43098134897,500.10743098134895,-7.468568725566776,0.6667096448656764,0.666942651516873,-8.135278370432452,-6.801626074049903,false,false,false,triangle_down,"1,0,1",232.308,146.17141874999996,472.59950000000003,211.02741874999995,PDF vector paths only,5
IceTop,2,1600840.0450359448,1600.8400450359447,0.0015503414344836806,0.00015063159741660732,0.0001494534444448669,0.0013997098370670733,0.0016997948789285475,1600890.252157693,1600.890252157693,-5.064679586370158,0.40336049141136243,0.3993808908089598,-5.46804007778152,-4.665298695561198,false,false,false,triangle_down,"1,0,1",258.59400000000005,114.79341874999992,498.88599999999997,192.1734187499999,PDF vector paths only,5
IceCube,1,12994.396796322493,12.994396796322492,0.0007895613757732844,0.000009805763893345164,0.000009947619136609011,0.0007797556118799392,0.0007995089949098934,12993.508755880886,12.993508755880887,3.4019087420366194,0.07013038013075956,0.0659123541178257,3.33177836190586,3.467821096154445,false,false,false,triangle_down,"0,0,1",149.837,135.23041874999993,390.12749999999994,125.76891874999993,PDF vector paths only,5
IceCube,2,24004.18812250418,24.00418812250418,0.0006897133443209792,0.00002005503415061674,0.000019899255817904383,0.0006696583101703624,0.0007096126001388836,24003.180816895652,24.003180816895654,3.265866007788034,0.06579983517410071,0.0659123541178257,3.2000661726139334,3.33177836190586,false,false,false,triangle_down,"0,0,1",163.7025,139.32541874999995,403.9935,126.83591874999993,PDF vector paths only,5
IceCube,3,38019.79655609559,38.01979655609559,0.00046981862799905184,0.000019827826436106546,0.000020182674905374416,0.0004499908015629453,0.0004900013029044263,38020.00489707701,38.02000489707701,3.0685594180507483,0.2017979443458433,0.19739759301897486,2.866761473704905,3.265957011069723,false,false,false,triangle_down,"0,0,1",174.09249999999997,150.95391874999999,414.3845,128.38341874999995,PDF vector paths only,5
IceCube,4,70987.67346090099,70.987673460901,0.00028990411953119214,0.000029944033412281795,0.000030125759598210436,0.00025996008611891034,0.00032002987912940257,70985.22718095317,70.98522718095316,2.800936457237457,0.39923777181253683,0.39912971537647657,2.40169868542492,3.2000661726139334,false,false,false,triangle_down,"0,0,1",188.1995,165.57691874999992,428.4905,130.48241875,PDF vector paths only,5
IceCube,5,129943.32810642458,129.9433281064246,0.00016004515991731506,0.00004011319934534614,0.000039920978772277295,0.00011993196057196892,0.00019996613868959235,129945.14532879715,129.94514532879714,1.7349708717779642,0.8685367548867227,0.8641912286542706,0.8664341168912415,2.5991621004322347,false,false,false,triangle_down,"0,0,1",201.859,183.57091874999995,442.15099999999995,138.84291875,PDF vector paths only,5
IceCube,6,240040.69923535443,240.04069923535442,0.0001100120204724324,0.000050031925330226866,0.00005003257801136869,0.000059980095142205534,0.0001600445984838011,240039.76323059734,240.03976323059734,-4.932971859585926,1.9345068028539032,1.9347423595094995,-6.867478662439829,-2.9982295000764267,false,false,false,triangle_down,"0,0,1",215.72449999999998,194.92491875,456.01599999999996,191.14041875,PDF vector paths only,5
IceCube,7,579732.7283666474,579.7327283666474,0.00028990411953119214,0.00004981168139458374,0.0000499848424846183,0.0002400924381366084,0.00033988896201581043,579734.0052669018,579.7340052669018,-6.8675964407676275,0.6665808696439335,0.6668782639060105,-7.534177310411561,-6.200718176861617,false,false,false,triangle_down,"0,0,1",235.646,165.57691874999992,475.9375,206.31391875,PDF vector paths only,5
IceCube,8,1400044.7603069928,1400.0447603069929,0.0006198648983193537,0.0001197494369033368,0.00012020812458760912,0.0005001154614160169,0.0007400730229069628,1400149.3433399703,1400.1493433399703,-6.731553706519044,0.7369609908297079,0.7326683771883644,-7.468514697348752,-5.99888532933068,false,false,false,triangle_down,"0,0,1",255.566,142.55941875,495.85900000000004,205.24691875,PDF vector paths only,5
IceCube,9,5396760.33813128,5396.760338131279,0.0004597827528187673,,0.0005200146270307369,,0.0009797973798495042,,,,,,,,true,false,true,triangle_down,"0,0,1",286.0505,151.60791874999998,,,PDF vector paths only,5
ARGO-YBJ,1,4040.841630368079,4.040841630368079,0.0009544986251125025,0.000011849765542182246,0.00001199537495402323,0.0009426488595703202,0.0009664940000665257,4040.6222394959445,4.040622239495945,1.6340440886196586,0.04815364541456013,0.048395258330586444,1.5858904432050984,1.682439346950245,false,false,false,circle,"0.12941,0.55294,0.12941",123.447,129.48450000000003,363.73800000000006,139.6345,PDF vector paths only,5
ARGO-YBJ,2,7066.512867182014,7.066512867182014,0.0011911906885559106,0.000016121625477201083,0.000016368923723701807,0.0011750690630787095,0.0012075596122796124,7066.156532790358,7.066156532790358,1.984924692792207,0.05245741532511872,0.04839908333716281,1.9324672774670884,2.03332377612937,false,false,false,circle,"0.12941,0.55294,0.12941",136.0745,122.77499999999998,376.3655,136.88249999999994,PDF vector paths only,5
ARGO-YBJ,3,12226.333038814857,12.226333038814857,0.0011710303349636826,0.000022360260147031002,0.000021503396550283686,0.0011486700748166516,0.0011925337315139663,12226.033469860255,12.226033469860255,1.5902477632078682,0.07023987094428463,0.0745965534459323,1.5200078922635836,1.6648443166538005,false,false,false,circle,"0.12941,0.55294,0.12941",148.4605,123.29200000000003,388.75199999999995,139.97799999999995,PDF vector paths only,5
ARGO-YBJ,4,21675.51015613105,21.67551015613105,0.0011165108822616477,0.000030023936245792164,0.00003079698479716963,0.0010864869460158555,0.0011473078670588173,21675.54464561532,21.675544645615318,1.4848688317585186,0.10508440594221646,0.10102161144657984,1.3797844258163021,1.5858904432050984,false,false,false,circle,"0.12941,0.55294,0.12941",161.39700000000002,124.73599999999999,401.68899999999996,140.80449999999996,PDF vector paths only,5
ARGO-YBJ,5,39374.48274953303,39.37448274953303,0.0008197487122584981,0.00004527849337467114,0.00004395678195470926,0.000774470218883827,0.0008637054942132073,39375.57946440004,39.37557946440004,-0.08121636484443151,0.21050349996071915,0.20624435512699613,-0.29171986480515066,0.12502799028256462,false,false,false,circle,"0.12941,0.55294,0.12941",174.8835,134.09400000000005,415.17600000000004,153.08749999999998,PDF vector paths only,5
ARGO-YBJ,6,71421.02024697754,71.42102024697753,0.00042368349427512593,0.00006759152124417297,0.00006740390725302981,0.00035609197303095296,0.0004910874015281557,71418.56204149647,71.41856204149647,-0.8796227396004159,0.6051829795494381,0.6097704374484767,-1.484805719149854,-0.2698523021519392,false,false,false,circle,"0.12941,0.55294,0.12941",188.337,154.08450000000005,428.62800000000004,159.34950000000003,PDF vector paths only,5
ARGO-YBJ,7,160084.7927767618,160.08479277676182,0.0007815322078750858,0.00008865732649439089,0.00008806680656178538,0.0006928748813806949,0.0008695990144368712,160083.7197695116,160.08371976951162,-7.25794872228046,0.4298663526761288,0.4299913028912705,-7.687815074956589,-6.82795741938919,false,false,false,circle,"0.12941,0.55294,0.12941",206.572,135.53999999999996,446.86350000000004,209.3755,PDF vector paths only,5
ARGO-YBJ,8,520304.2900617663,520.3042900617663,0.000912120733675317,0.0002293977454831688,0.00023000008231140038,0.0006827229881921482,0.0011421208159867174,520305.04664910136,520.3050466491013,-5.38044423945243,0.9605860165090476,0.9608384669437342,-6.341030255961478,-4.419605772508696,false,false,false,circle,"0.12941,0.55294,0.12941",233.2025,130.86,473.494,194.64999999999998,PDF vector paths only,5
KASCADE-Grande,1,2699003.2037732983,2699.003203773298,0.0025995228652138844,0.0009990182261145379,0.001002141019277046,0.0016005046390993466,0.0036016638844909303,2698978.144480651,2698.978144480651,-8.999463861576846,1.4651784947292157,1.4652865511652848,-10.464642356306062,-7.534177310411561,false,false,false,triangle_down,"1,0,0",270.39549999999997,99.13891874999993,510.68649999999997,223.03441875000001,PDF vector paths only,5
KASCADE-Grande,2,6095977.090088537,6095.977090088537,0.002899090489182413,0.0015989716619794142,0.0016006392459275618,0.0013001188272029987,0.004499729735109975,6095954.861174234,6095.954861174234,-8.868011135231672,2.0001694159167194,2.0005324727918428,-10.868180551148392,-6.867478662439829,false,false,false,triangle_down,"1,0,0",288.803,95.83541874999995,529.094,222.00341874999995,PDF vector paths only,5
